institution_id,item_id,available_product
ins_122878,LZboxQw6nGTdVjmmKlv6C8jMwW8mw8fP3PvLq,assets
ins_122878,LZboxQw6nGTdVjmmKlv6C8jMwW8mw8fP3PvLq,auth
ins_122878,LZboxQw6nGTdVjmmKlv6C8jMwW8mw8fP3PvLq,balance
ins_122878,LZboxQw6nGTdVjmmKlv6C8jMwW8mw8fP3PvLq,identity
ins_122878,LZboxQw6nGTdVjmmKlv6C8jMwW8mw8fP3PvLq,identity_match
ins_122878,LZboxQw6nGTdVjmmKlv6C8jMwW8mw8fP3PvLq,income_verification
ins_122878,LZboxQw6nGTdVjmmKlv6C8jMwW8mw8fP3PvLq,payment_initiation
ins_122878,LZboxQw6nGTdVjmmKlv6C8jMwW8mw8fP3PvLq,recurring_transactions
ins_122878,LZboxQw6nGTdVjmmKlv6C8jMwW8mw8fP3PvLq,signal
ins_122878,LZboxQw6nGTdVjmmKlv6C8jMwW8mw8fP3PvLq,transfer
ins_122879,K8k5MbPJg4cmWxNRx3ebi8wXDrWW7eCVjyR7Z,assets
ins_122879,K8k5MbPJg4cmWxNRx3ebi8wXDrWW7eCVjyR7Z,auth
ins_122879,K8k5MbPJg4cmWxNRx3ebi8wXDrWW7eCVjyR7Z,balance
ins_122879,K8k5MbPJg4cmWxNRx3ebi8wXDrWW7eCVjyR7Z,identity
ins_122879,K8k5MbPJg4cmWxNRx3ebi8wXDrWW7eCVjyR7Z,identity_match
ins_122879,K8k5MbPJg4cmWxNRx3ebi8wXDrWW7eCVjyR7Z,income_verification
ins_122879,K8k5MbPJg4cmWxNRx3ebi8wXDrWW7eCVjyR7Z,payment_initiation
ins_122879,K8k5MbPJg4cmWxNRx3ebi8wXDrWW7eCVjyR7Z,recurring_transactions
ins_122879,K8k5MbPJg4cmWxNRx3ebi8wXDrWW7eCVjyR7Z,signal
ins_122879,K8k5MbPJg4cmWxNRx3ebi8wXDrWW7eCVjyR7Z,transfer
ins_122880,rrKr4MZpdli4bwxPy8wJCeNlX8LQNmIlBZxey,assets
ins_122880,rrKr4MZpdli4bwxPy8wJCeNlX8LQNmIlBZxey,auth
ins_122880,rrKr4MZpdli4bwxPy8wJCeNlX8LQNmIlBZxey,balance
ins_122880,rrKr4MZpdli4bwxPy8wJCeNlX8LQNmIlBZxey,identity
ins_122880,rrKr4MZpdli4bwxPy8wJCeNlX8LQNmIlBZxey,identity_match
ins_122880,rrKr4MZpdli4bwxPy8wJCeNlX8LQNmIlBZxey,income_verification
ins_122880,rrKr4MZpdli4bwxPy8wJCeNlX8LQNmIlBZxey,payment_initiation
ins_122880,rrKr4MZpdli4bwxPy8wJCeNlX8LQNmIlBZxey,recurring_transactions
ins_122880,rrKr4MZpdli4bwxPy8wJCeNlX8LQNmIlBZxey,signal
ins_122880,rrKr4MZpdli4bwxPy8wJCeNlX8LQNmIlBZxey,transfer
